﻿determinand,species_group,species_subgroup,species,matrix,method_analysis,sex,BAC_basis,NRC_basis,EAC_basis,LRC_basis,QSsp_basis,MPC_basis,QShh_basis,BAC,NRC,EAC,LRC,QSsp,MPC,QShh
CD,Fish,,,LI,,,W,,,,,W,,26,,,,,1000,
CD,Fish,,,MU,,,W,,,,,W,,26,,,,,50,
CD,,Mussel,,SB,,,D,,,,,W,,960,,,,,1000,
CD,,Oyster,,SB,,,D,,,,,W,,3000,,,,,1000,
CD,,Clam,,SB,,,,,,,,W,,,,,,,1000,
CD,,Scallop,,SB,,,,,,,,W,,,,,,,1000,
CD,,Crustacean,,TM,,,,,,,,W,,,,,,,500,
CU,,Mussel,,SB,,,D,,,,,,,6000,,,,,,
CU,,Oyster,,SB,,,D,,,,,,,6000,,,,,,
HG,Fish,,,LI,,,,,,,W,W,,,,,,20,,
HG,Fish,,,MU,,,,,,,W,W,,,,,,20,500,
HG,,Mussel,,SB,,,D,,,,W,W,,90,,,,20,500,
HG,,Oyster,,SB,,,,,,,W,W,,,,,,20,500,
HG,,Clam,,SB,,,,,,,W,W,,,,,,20,500,
HG,,Scallop,,SB,,,,,,,W,W,,,,,,20,500,
HG,,Crustacean,,TM,,,,,,,W,W,,,,,,20,500,
HG,Mammal,,,HA,,,,D,,D,,,,,6100,,24400,,,
HG,Mammal,,,LI,,,,W,,W,,,,,16000,,64000,,,
HG,Bird,,,BL,,,,W,,W,,,,,200,,1000,,,
HG,Bird,,,EH,,,,W,,W,,,,,110,,470,,,
HG,Bird,,,FE,,,,D,,D,,,,,1580,,7920,,,
HG,Bird,,,LI,,,,W,,W,,,,,1400,,7300,,,
PB,Fish,,,LI,,,W,,,,,W,,26,,,,,1500,
PB,Fish,,,MU,,,W,,,,,W,,26,,,,,300,
PB,,Mussel,,SB,,,D,,,,,W,,1300,,,,,1500,
PB,,Oyster,,SB,,,D,,,,,W,,1300,,,,,1500,
PB,,Clam,,SB,,,,,,,,W,,,,,,,1500,
PB,,Scallop,,SB,,,,,,,,W,,,,,,,1500,
PB,,Crustacean,,TM,,,,,,,,W,,,,,,,500,
ZN,,Mussel,,SB,,,D,,,,,,,63000,,,,,,
ZN,,Oyster,,SB,,,D,,,,,,,63000,,,,,,
TBSN+,Fish,,,LI~MU,,,,,,,,,W,,,,,,,15.2
TBSN+,Bivalve,,,SB,,,D,,D,,,,W,5,,12,,,,15.2
TBSN+,Crustacean,,,TM,,,,,,,,,W,,,,,,,15.2
TBSN+,Gastropod,,,SB,,,D,,D,,,,W,5,,12,,,,15.2
NAP,Bivalve,,,SB,,,,,D,,,,,,,340,,,,
PA,Bivalve,,,SB,,,D,,D,,,,,11,,1700,,,,
ANT,Bivalve,,,SB,,,,,D,,,,,,,290,,,,
FLU,Bivalve,,,SB,,,D,,D,,,,W,12.2,,110,,,,30
PYR,Bivalve,,,SB,,,D,,D,,,,,9,,100,,,,
BAA,Bivalve,,,SB,,,D,,D,,,,,2.5,,80,,,,
CHR,Bivalve,,,SB,,,D,,,,,,,8.1,,,,,,
BAP,Bivalve,,,SB,,,D,,D,,,,W,1.4,,600,,,,5
BGHIP,Bivalve,,,SB,,,D,,D,,,,,2.5,,110,,,,
ICDP,Bivalve,,,SB,,,D,,,,,,,2.4,,,,,,
CB28,Fish,,,LI~MU,,,W,,L,,,,,0.1,,67,,,,
CB28,Bivalve,,,SB,,,D,,L,,,,,0.75,,67,,,,
CB28,Crustacean,,,TM,,,,,L,,,,,,,67,,,,
CB28,Gastropod,,,SB,,,,,L,,,,,,,67,,,,
CB52,Fish,,,LI~MU,,,W,,L,,,,,0.08,,108,,,,
CB52,Bivalve,,,SB,,,D,,L,,,,,0.75,,108,,,,
CB52,Crustacean,,,TM,,,,,L,,,,,,,108,,,,
CB52,Gastropod,,,SB,,,,,L,,,,,,,108,,,,
CB101,Fish,,,LI~MU,,,W,,L,,,,,0.08,,121,,,,
CB101,Bivalve,,,SB,,,D,,L,,,,,0.7,,121,,,,
CB101,Crustacean,,,TM,,,,,L,,,,,,,121,,,,
CB101,Gastropod,,,SB,,,,,L,,,,,,,121,,,,
CB105,Fish,,,LI~MU,,,W,,,,,,,0.08,,,,,,
CB105,Bivalve,,,SB,,,D,,,,,,,0.75,,,,,,
CB118,Fish,,,LI~MU,,,W,,L,,,,,0.1,,25,,,,
CB118,Bivalve,,,SB,,,D,,L,,,,,0.6,,25,,,,
CB118,Crustacean,,,TM,,,,,L,,,,,,,25,,,,
CB118,Gastropod,,,SB,,,,,L,,,,,,,25,,,,
CB138,Fish,,,LI~MU,,,W,,L,,,,,0.09,,317,,,,
CB138,Bivalve,,,SB,,,D,,L,,,,,0.6,,317,,,,
CB138,Crustacean,,,TM,,,,,L,,,,,,,317,,,,
CB138,Gastropod,,,SB,,,,,L,,,,,,,317,,,,
CB153,Fish,,,LI~MU,,,W,,L,,,,,0.1,,1585,,,,
CB153,Bivalve,,,SB,,,D,,L,,,,,0.6,,1585,,,,
CB153,Crustacean,,,TM,,,,,L,,,,,,,1585,,,,
CB153,Gastropod,,,SB,,,,,L,,,,,,,1585,,,,
CB156,Fish,,,LI~MU,,,W,,,,,,,0.08,,,,,,
CB156,Bivalve,,,SB,,,D,,,,,,,0.6,,,,,,
CB180,Fish,,,LI~MU,,,W,,L,,,,,0.11,,469,,,,
CB180,Bivalve,,,SB,,,D,,L,,,,,0.6,,469,,,,
CB180,Crustacean,,,TM,,,,,L,,,,,,,469,,,,
CB180,Gastropod,,,SB,,,,,L,,,,,,,,,,,
SCB6,Fish,,,LI,,,,,,,,W,,,,,,,200,
SCB6,Fish,,,MU,,,,,,,,W,,,,,,,75,
SCB6,Bivalve,,,SB,,,,,,,,W,,,,,,,75,
SCB6,Crustacean,,,TM,,,,,,,,W,,,,,,,75,
SCB6,Gastropod,,,SB,,,,,,,,W,,,,,,,75,
SCB7,,,Sterna hirundo,EH,,,,,W,,,,,,,6.7,,,,
SCB7,,,Haematopus ostralegus,EH,,,,,W,,,,,,,6.7,,,,
DDEPP,Fish,,,LI~MU,,,W,,,,,,,0.1,,,,,,
DDEPP,Bivalve,,,SB,,,D,,,,,,,0.63,,,,,,
HCB,Fish,,,LI~MU,,,W,,,,L,,W,0.09,,,,334,,10
HCB,Bivalve,,,SB,,,D,,,,L,,W,0.63,,,,334,,10
HCB,Crustacean,,,TM,,,,,,,L,,W,,,,,334,,10
HCB,Gastropod,,,SB,,,,,,,L,,W,,,,,334,,10
HCB,,,Sterna hirundo,EH,,,,,W,,,,,,,2,,,,
HCB,,,Haematopus ostralegus,EH,,,,,W,,,,,,,2,,,,
HCH,,,Sterna hirundo,EH,,,,,W,,,,,,,2,,,,
HCH,,,Haematopus ostralegus,EH,,,,,W,,,,,,,2,,,,
HCHA,Bivalve,,,SB,,,D,,,,,,,0.64,,,,,,
HCHG,Fish,,,LI~MU,,,,,L,,,,W,,,22,,,,61
HCHG,Bivalve,,,SB,,,D,,W,,,,W,0.97,,0.29,,,,61
HCHG,Crustacean,,,TM,,,,,,,,,W,,,,,,,61
HCHG,Gastropod,,,SB,,,,,,,,,W,,,,,,,61
HBCD,Fish,,,LI~MU,,,,,,,L,,,,,,,3340,,
HBCD,Bivalve,,,SB,,,,,,,L,,,,,,,3340,,
HBCD,Crustacean,,,TM,,,,,,,L,,,,,,,3340,,
HBCD,Gastropod,,,SB,,,,,,,L,,,,,,,3340,,
PYR1OH,,,Limanda limanda,BI,HPLC-FD,,,,,,,,,16,,,,,,
PYR1OH,,,Gadus morhua,BI,HPLC-FD,,,,,,,,,21,,,,,,
PYR1OH,,,Gadus morhua,BI,GC-MS,,,,,,,,,,,483,,,,
PYR1OH,,,Platichthys flesus,BI,HPLC-FD,,,,,,,,,16,,,,,,
PYR1OH,,,Melanogrammus aeglefinus,BI,HPLC-FD,,,,,,,,,13,,,,,,
