﻿determinand,ospar_subregion,BAC_basis,ERL_basis,EAC_basis,EQS_basis,FEQG_basis,BAC,ERL,EAC,EQS,FEQG
AS,Barents Sea,D,,,,,25,,,,
AS,Celtic Sea,D,,,,,25,,,,
AS,Channel,D,,,,,25,,,,
AS,East of Iceland,D,,,,,25,,,,
AS,Greenland-Scotland ridge,D,,,,,25,,,,
AS,Irish Sea,D,,,,,25,,,,
AS,Irish and Scottish West Coast,D,,,,,25,,,,
AS,Northern Bay of Biscay,D,,,,,25,,,,
AS,Northern North Sea,D,,,,,25,,,,
AS,Norwegian Sea,D,,,,,25,,,,
AS,Norwegian Trench,D,,,,,25,,,,
AS,Skagerrak and Kattegat,D,,,,,25,,,,
AS,Southern North Sea,D,,,,,25,,,,
AS,West of Iceland,D,,,,,25,,,,
AS,Wider Atlantic,D,,,,,25,,,,
AS,Gulf of Cadiz,,,,,,,,,,
AS,Iberian Coast,,,,,,,,,,
CD,Barents Sea,D,D,,,,0.31,1.2,,,
CD,Celtic Sea,D,D,,,,0.31,1.2,,,
CD,Channel,D,D,,,,0.31,1.2,,,
CD,East of Iceland,D,D,,,,0.31,1.2,,,
CD,Greenland-Scotland ridge,D,D,,,,0.31,1.2,,,
CD,Irish Sea,D,D,,,,0.31,1.2,,,
CD,Irish and Scottish West Coast,D,D,,,,0.31,1.2,,,
CD,Northern Bay of Biscay,D,D,,,,0.31,1.2,,,
CD,Northern North Sea,D,D,,,,0.31,1.2,,,
CD,Norwegian Sea,D,D,,,,0.31,1.2,,,
CD,Norwegian Trench,D,D,,,,0.31,1.2,,,
CD,Skagerrak and Kattegat,D,D,,,,0.31,1.2,,,
CD,Southern North Sea,D,D,,,,0.31,1.2,,,
CD,West of Iceland,D,D,,,,0.31,1.2,,,
CD,Wider Atlantic,D,D,,,,0.31,1.2,,,
CD,Gulf of Cadiz,D,D,,,,0.129,1.2,,,
CD,Iberian Coast,D,D,,,,0.129,1.2,,,
CR,Barents Sea,,D,,,,,81,,,
CR,Celtic Sea,,D,,,,,81,,,
CR,Channel,,D,,,,,81,,,
CR,East of Iceland,,D,,,,,81,,,
CR,Greenland-Scotland ridge,,D,,,,,81,,,
CR,Irish Sea,,D,,,,,81,,,
CR,Irish and Scottish West Coast,,D,,,,,81,,,
CR,Northern Bay of Biscay,,D,,,,,81,,,
CR,Northern North Sea,,D,,,,,81,,,
CR,Norwegian Sea,,D,,,,,81,,,
CR,Norwegian Trench,,D,,,,,81,,,
CR,Skagerrak and Kattegat,,D,,,,,81,,,
CR,Southern North Sea,,D,,,,,81,,,
CR,West of Iceland,,D,,,,,81,,,
CR,Wider Atlantic,,D,,,,,81,,,
CR,Gulf of Cadiz,,D,,,,,81,,,
CR,Iberian Coast,,D,,,,,81,,,
CU,Barents Sea,D,D,,,,27,34,,,
CU,Celtic Sea,D,D,,,,27,34,,,
CU,Channel,D,D,,,,27,34,,,
CU,East of Iceland,D,D,,,,27,34,,,
CU,Greenland-Scotland ridge,D,D,,,,27,34,,,
CU,Irish Sea,D,D,,,,27,34,,,
CU,Irish and Scottish West Coast,D,D,,,,27,34,,,
CU,Northern Bay of Biscay,D,D,,,,27,34,,,
CU,Northern North Sea,D,D,,,,27,34,,,
CU,Norwegian Sea,D,D,,,,27,34,,,
CU,Norwegian Trench,D,D,,,,27,34,,,
CU,Skagerrak and Kattegat,D,D,,,,27,34,,,
CU,Southern North Sea,D,D,,,,27,34,,,
CU,West of Iceland,D,D,,,,27,34,,,
CU,Wider Atlantic,D,D,,,,27,34,,,
CU,Gulf of Cadiz,,D,,,,,34,,,
CU,Iberian Coast,,D,,,,,34,,,
HG,Barents Sea,D,D,,,,0.07,0.15,,,
HG,Celtic Sea,D,D,,,,0.07,0.15,,,
HG,Channel,D,D,,,,0.07,0.15,,,
HG,East of Iceland,D,D,,,,0.07,0.15,,,
HG,Greenland-Scotland ridge,D,D,,,,0.07,0.15,,,
HG,Irish Sea,D,D,,,,0.07,0.15,,,
HG,Irish and Scottish West Coast,D,D,,,,0.07,0.15,,,
HG,Northern Bay of Biscay,D,D,,,,0.07,0.15,,,
HG,Northern North Sea,D,D,,,,0.07,0.15,,,
HG,Norwegian Sea,D,D,,,,0.07,0.15,,,
HG,Norwegian Trench,D,D,,,,0.07,0.15,,,
HG,Skagerrak and Kattegat,D,D,,,,0.07,0.15,,,
HG,Southern North Sea,D,D,,,,0.07,0.15,,,
HG,West of Iceland,D,D,,,,0.07,0.15,,,
HG,Wider Atlantic,D,D,,,,0.07,0.15,,,
HG,Gulf of Cadiz,D,D,,,,0.091,0.15,,,
HG,Iberian Coast,D,D,,,,0.091,0.15,,,
NI,Barents Sea,D,,,,,36,,,,
NI,Celtic Sea,D,,,,,36,,,,
NI,Channel,D,,,,,36,,,,
NI,East of Iceland,D,,,,,36,,,,
NI,Greenland-Scotland ridge,D,,,,,36,,,,
NI,Irish Sea,D,,,,,36,,,,
NI,Irish and Scottish West Coast,D,,,,,36,,,,
NI,Northern Bay of Biscay,D,,,,,36,,,,
NI,Northern North Sea,D,,,,,36,,,,
NI,Norwegian Sea,D,,,,,36,,,,
NI,Norwegian Trench,D,,,,,36,,,,
NI,Skagerrak and Kattegat,D,,,,,36,,,,
NI,Southern North Sea,D,,,,,36,,,,
NI,West of Iceland,D,,,,,36,,,,
NI,Wider Atlantic,D,,,,,36,,,,
NI,Gulf of Cadiz,,,,,,,,,,
NI,Iberian Coast,,,,,,,,,,
PB,Barents Sea,D,D,,,,38,47,,,
PB,Celtic Sea,D,D,,,,38,47,,,
PB,Channel,D,D,,,,38,47,,,
PB,East of Iceland,D,D,,,,38,47,,,
PB,Greenland-Scotland ridge,D,D,,,,38,47,,,
PB,Irish Sea,D,D,,,,38,47,,,
PB,Irish and Scottish West Coast,D,D,,,,38,47,,,
PB,Northern Bay of Biscay,D,D,,,,38,47,,,
PB,Northern North Sea,D,D,,,,38,47,,,
PB,Norwegian Sea,D,D,,,,38,47,,,
PB,Norwegian Trench,D,D,,,,38,47,,,
PB,Skagerrak and Kattegat,D,D,,,,38,47,,,
PB,Southern North Sea,D,D,,,,38,47,,,
PB,West of Iceland,D,D,,,,38,47,,,
PB,Wider Atlantic,D,D,,,,38,47,,,
PB,Gulf of Cadiz,D,D,,,,22.4,47,,,
PB,Iberian Coast,D,D,,,,22.4,47,,,
ZN,Barents Sea,D,D,,,,122,150,,,
ZN,Celtic Sea,D,D,,,,122,150,,,
ZN,Channel,D,D,,,,122,150,,,
ZN,East of Iceland,D,D,,,,122,150,,,
ZN,Greenland-Scotland ridge,D,D,,,,122,150,,,
ZN,Irish Sea,D,D,,,,122,150,,,
ZN,Irish and Scottish West Coast,D,D,,,,122,150,,,
ZN,Northern Bay of Biscay,D,D,,,,122,150,,,
ZN,Northern North Sea,D,D,,,,122,150,,,
ZN,Norwegian Sea,D,D,,,,122,150,,,
ZN,Norwegian Trench,D,D,,,,122,150,,,
ZN,Skagerrak and Kattegat,D,D,,,,122,150,,,
ZN,Southern North Sea,D,D,,,,122,150,,,
ZN,West of Iceland,D,D,,,,122,150,,,
ZN,Wider Atlantic,D,D,,,,122,150,,,
ZN,Gulf of Cadiz,,D,,,,,150,,,
ZN,Iberian Coast,,D,,,,,150,,,
NAP,Barents Sea,D,D,,,,8,160,,,
NAP,Celtic Sea,D,D,,,,8,160,,,
NAP,Channel,D,D,,,,8,160,,,
NAP,East of Iceland,D,D,,,,8,160,,,
NAP,Greenland-Scotland ridge,D,D,,,,8,160,,,
NAP,Irish Sea,D,D,,,,8,160,,,
NAP,Irish and Scottish West Coast,D,D,,,,8,160,,,
NAP,Northern Bay of Biscay,D,D,,,,8,160,,,
NAP,Northern North Sea,D,D,,,,8,160,,,
NAP,Norwegian Sea,D,D,,,,8,160,,,
NAP,Norwegian Trench,D,D,,,,8,160,,,
NAP,Skagerrak and Kattegat,D,D,,,,8,160,,,
NAP,Southern North Sea,D,D,,,,8,160,,,
NAP,West of Iceland,D,D,,,,8,160,,,
NAP,Wider Atlantic,D,D,,,,8,160,,,
NAP,Gulf of Cadiz,,D,,,,,160,,,
NAP,Iberian Coast,,D,,,,,160,,,
PA,Barents Sea,D,D,,,,32,240,,,
PA,Celtic Sea,D,D,,,,32,240,,,
PA,Channel,D,D,,,,32,240,,,
PA,East of Iceland,D,D,,,,32,240,,,
PA,Greenland-Scotland ridge,D,D,,,,32,240,,,
PA,Irish Sea,D,D,,,,32,240,,,
PA,Irish and Scottish West Coast,D,D,,,,32,240,,,
PA,Northern Bay of Biscay,D,D,,,,32,240,,,
PA,Northern North Sea,D,D,,,,32,240,,,
PA,Norwegian Sea,D,D,,,,32,240,,,
PA,Norwegian Trench,D,D,,,,32,240,,,
PA,Skagerrak and Kattegat,D,D,,,,32,240,,,
PA,Southern North Sea,D,D,,,,32,240,,,
PA,West of Iceland,D,D,,,,32,240,,,
PA,Wider Atlantic,D,D,,,,32,240,,,
PA,Gulf of Cadiz,D,D,,,,7.3,240,,,
PA,Iberian Coast,D,D,,,,7.3,240,,,
ANT,Barents Sea,D,D,,,,5,85,,,
ANT,Celtic Sea,D,D,,,,5,85,,,
ANT,Channel,D,D,,,,5,85,,,
ANT,East of Iceland,D,D,,,,5,85,,,
ANT,Greenland-Scotland ridge,D,D,,,,5,85,,,
ANT,Irish Sea,D,D,,,,5,85,,,
ANT,Irish and Scottish West Coast,D,D,,,,5,85,,,
ANT,Northern Bay of Biscay,D,D,,,,5,85,,,
ANT,Northern North Sea,D,D,,,,5,85,,,
ANT,Norwegian Sea,D,D,,,,5,85,,,
ANT,Norwegian Trench,D,D,,,,5,85,,,
ANT,Skagerrak and Kattegat,D,D,,,,5,85,,,
ANT,Southern North Sea,D,D,,,,5,85,,,
ANT,West of Iceland,D,D,,,,5,85,,,
ANT,Wider Atlantic,D,D,,,,5,85,,,
ANT,Gulf of Cadiz,D,D,,,,1.8,85,,,
ANT,Iberian Coast,D,D,,,,1.8,85,,,
DBT,Barents Sea,,D,,,,,190,,,
DBT,Celtic Sea,,D,,,,,190,,,
DBT,Channel,,D,,,,,190,,,
DBT,East of Iceland,,D,,,,,190,,,
DBT,Greenland-Scotland ridge,,D,,,,,190,,,
DBT,Irish Sea,,D,,,,,190,,,
DBT,Irish and Scottish West Coast,,D,,,,,190,,,
DBT,Northern Bay of Biscay,,D,,,,,190,,,
DBT,Northern North Sea,,D,,,,,190,,,
DBT,Norwegian Sea,,D,,,,,190,,,
DBT,Norwegian Trench,,D,,,,,190,,,
DBT,Skagerrak and Kattegat,,D,,,,,190,,,
DBT,Southern North Sea,,D,,,,,190,,,
DBT,West of Iceland,,D,,,,,190,,,
DBT,Wider Atlantic,,D,,,,,190,,,
DBT,Gulf of Cadiz,,D,,,,,190,,,
DBT,Iberian Coast,,D,,,,,190,,,
FLU,Barents Sea,D,D,,,,39,600,,,
FLU,Celtic Sea,D,D,,,,39,600,,,
FLU,Channel,D,D,,,,39,600,,,
FLU,East of Iceland,D,D,,,,39,600,,,
FLU,Greenland-Scotland ridge,D,D,,,,39,600,,,
FLU,Irish Sea,D,D,,,,39,600,,,
FLU,Irish and Scottish West Coast,D,D,,,,39,600,,,
FLU,Northern Bay of Biscay,D,D,,,,39,600,,,
FLU,Northern North Sea,D,D,,,,39,600,,,
FLU,Norwegian Sea,D,D,,,,39,600,,,
FLU,Norwegian Trench,D,D,,,,39,600,,,
FLU,Skagerrak and Kattegat,D,D,,,,39,600,,,
FLU,Southern North Sea,D,D,,,,39,600,,,
FLU,West of Iceland,D,D,,,,39,600,,,
FLU,Wider Atlantic,D,D,,,,39,600,,,
FLU,Gulf of Cadiz,D,D,,,,14.4,600,,,
FLU,Iberian Coast,D,D,,,,14.4,600,,,
PYR,Barents Sea,D,D,,,,24,665,,,
PYR,Celtic Sea,D,D,,,,24,665,,,
PYR,Channel,D,D,,,,24,665,,,
PYR,East of Iceland,D,D,,,,24,665,,,
PYR,Greenland-Scotland ridge,D,D,,,,24,665,,,
PYR,Irish Sea,D,D,,,,24,665,,,
PYR,Irish and Scottish West Coast,D,D,,,,24,665,,,
PYR,Northern Bay of Biscay,D,D,,,,24,665,,,
PYR,Northern North Sea,D,D,,,,24,665,,,
PYR,Norwegian Sea,D,D,,,,24,665,,,
PYR,Norwegian Trench,D,D,,,,24,665,,,
PYR,Skagerrak and Kattegat,D,D,,,,24,665,,,
PYR,Southern North Sea,D,D,,,,24,665,,,
PYR,West of Iceland,D,D,,,,24,665,,,
PYR,Wider Atlantic,D,D,,,,24,665,,,
PYR,Gulf of Cadiz,D,D,,,,11.3,665,,,
PYR,Iberian Coast,D,D,,,,11.3,665,,,
BAA,Barents Sea,D,D,,,,16,261,,,
BAA,Celtic Sea,D,D,,,,16,261,,,
BAA,Channel,D,D,,,,16,261,,,
BAA,East of Iceland,D,D,,,,16,261,,,
BAA,Greenland-Scotland ridge,D,D,,,,16,261,,,
BAA,Irish Sea,D,D,,,,16,261,,,
BAA,Irish and Scottish West Coast,D,D,,,,16,261,,,
BAA,Northern Bay of Biscay,D,D,,,,16,261,,,
BAA,Northern North Sea,D,D,,,,16,261,,,
BAA,Norwegian Sea,D,D,,,,16,261,,,
BAA,Norwegian Trench,D,D,,,,16,261,,,
BAA,Skagerrak and Kattegat,D,D,,,,16,261,,,
BAA,Southern North Sea,D,D,,,,16,261,,,
BAA,West of Iceland,D,D,,,,16,261,,,
BAA,Wider Atlantic,D,D,,,,16,261,,,
BAA,Gulf of Cadiz,D,D,,,,7.1,261,,,
BAA,Iberian Coast,D,D,,,,7.1,261,,,
CHR,Barents Sea,D,D,,,,20,384,,,
CHR,Celtic Sea,D,D,,,,20,384,,,
CHR,Channel,D,D,,,,20,384,,,
CHR,East of Iceland,D,D,,,,20,384,,,
CHR,Greenland-Scotland ridge,D,D,,,,20,384,,,
CHR,Irish Sea,D,D,,,,20,384,,,
CHR,Irish and Scottish West Coast,D,D,,,,20,384,,,
CHR,Northern Bay of Biscay,D,D,,,,20,384,,,
CHR,Northern North Sea,D,D,,,,20,384,,,
CHR,Norwegian Sea,D,D,,,,20,384,,,
CHR,Norwegian Trench,D,D,,,,20,384,,,
CHR,Skagerrak and Kattegat,D,D,,,,20,384,,,
CHR,Southern North Sea,D,D,,,,20,384,,,
CHR,West of Iceland,D,D,,,,20,384,,,
CHR,Wider Atlantic,D,D,,,,20,384,,,
CHR,Gulf of Cadiz,D,D,,,,8,384,,,
CHR,Iberian Coast,D,D,,,,8,384,,,
CHRTR,Barents Sea,D,D,,,,20,384,,,
CHRTR,Celtic Sea,D,D,,,,20,384,,,
CHRTR,Channel,D,D,,,,20,384,,,
CHRTR,East of Iceland,D,D,,,,20,384,,,
CHRTR,Greenland-Scotland ridge,D,D,,,,20,384,,,
CHRTR,Irish Sea,D,D,,,,20,384,,,
CHRTR,Irish and Scottish West Coast,D,D,,,,20,384,,,
CHRTR,Northern Bay of Biscay,D,D,,,,20,384,,,
CHRTR,Northern North Sea,D,D,,,,20,384,,,
CHRTR,Norwegian Sea,D,D,,,,20,384,,,
CHRTR,Norwegian Trench,D,D,,,,20,384,,,
CHRTR,Skagerrak and Kattegat,D,D,,,,20,384,,,
CHRTR,Southern North Sea,D,D,,,,20,384,,,
CHRTR,West of Iceland,D,D,,,,20,384,,,
CHRTR,Wider Atlantic,D,D,,,,20,384,,,
CHRTR,Gulf of Cadiz,D,D,,,,8,384,,,
CHRTR,Iberian Coast,D,D,,,,8,384,,,
BAP,Barents Sea,D,D,,,,30,430,,,
BAP,Celtic Sea,D,D,,,,30,430,,,
BAP,Channel,D,D,,,,30,430,,,
BAP,East of Iceland,D,D,,,,30,430,,,
BAP,Greenland-Scotland ridge,D,D,,,,30,430,,,
BAP,Irish Sea,D,D,,,,30,430,,,
BAP,Irish and Scottish West Coast,D,D,,,,30,430,,,
BAP,Northern Bay of Biscay,D,D,,,,30,430,,,
BAP,Northern North Sea,D,D,,,,30,430,,,
BAP,Norwegian Sea,D,D,,,,30,430,,,
BAP,Norwegian Trench,D,D,,,,30,430,,,
BAP,Skagerrak and Kattegat,D,D,,,,30,430,,,
BAP,Southern North Sea,D,D,,,,30,430,,,
BAP,West of Iceland,D,D,,,,30,430,,,
BAP,Wider Atlantic,D,D,,,,30,430,,,
BAP,Gulf of Cadiz,D,D,,,,8.2,430,,,
BAP,Iberian Coast,D,D,,,,8.2,430,,,
BGHIP,Barents Sea,D,,,,,80,,,,
BGHIP,Celtic Sea,D,,,,,80,,,,
BGHIP,Channel,D,,,,,80,,,,
BGHIP,East of Iceland,D,,,,,80,,,,
BGHIP,Greenland-Scotland ridge,D,,,,,80,,,,
BGHIP,Irish Sea,D,,,,,80,,,,
BGHIP,Irish and Scottish West Coast,D,,,,,80,,,,
BGHIP,Northern Bay of Biscay,D,,,,,80,,,,
BGHIP,Northern North Sea,D,,,,,80,,,,
BGHIP,Norwegian Sea,D,,,,,80,,,,
BGHIP,Norwegian Trench,D,,,,,80,,,,
BGHIP,Skagerrak and Kattegat,D,,,,,80,,,,
BGHIP,Southern North Sea,D,,,,,80,,,,
BGHIP,West of Iceland,D,,,,,80,,,,
BGHIP,Wider Atlantic,D,,,,,80,,,,
BGHIP,Gulf of Cadiz,D,,,,,6.9,,,,
BGHIP,Iberian Coast,D,,,,,6.9,,,,
ICDP,Barents Sea,D,,,,,103,,,,
ICDP,Celtic Sea,D,,,,,103,,,,
ICDP,Channel,D,,,,,103,,,,
ICDP,East of Iceland,D,,,,,103,,,,
ICDP,Greenland-Scotland ridge,D,,,,,103,,,,
ICDP,Irish Sea,D,,,,,103,,,,
ICDP,Irish and Scottish West Coast,D,,,,,103,,,,
ICDP,Northern Bay of Biscay,D,,,,,103,,,,
ICDP,Northern North Sea,D,,,,,103,,,,
ICDP,Norwegian Sea,D,,,,,103,,,,
ICDP,Norwegian Trench,D,,,,,103,,,,
ICDP,Skagerrak and Kattegat,D,,,,,103,,,,
ICDP,Southern North Sea,D,,,,,103,,,,
ICDP,West of Iceland,D,,,,,103,,,,
ICDP,Wider Atlantic,D,,,,,103,,,,
ICDP,Gulf of Cadiz,D,,,,,8.3,,,,
ICDP,Iberian Coast,D,,,,,8.3,,,,
CB28,Barents Sea,D,,D,,,0.22,,1.7,,
CB28,Celtic Sea,D,,D,,,0.22,,1.7,,
CB28,Channel,D,,D,,,0.22,,1.7,,
CB28,East of Iceland,D,,D,,,0.22,,1.7,,
CB28,Greenland-Scotland ridge,D,,D,,,0.22,,1.7,,
CB28,Irish Sea,D,,D,,,0.22,,1.7,,
CB28,Irish and Scottish West Coast,D,,D,,,0.22,,1.7,,
CB28,Northern Bay of Biscay,D,,D,,,0.22,,1.7,,
CB28,Northern North Sea,D,,D,,,0.22,,1.7,,
CB28,Norwegian Sea,D,,D,,,0.22,,1.7,,
CB28,Norwegian Trench,D,,D,,,0.22,,1.7,,
CB28,Skagerrak and Kattegat,D,,D,,,0.22,,1.7,,
CB28,Southern North Sea,D,,D,,,0.22,,1.7,,
CB28,West of Iceland,D,,D,,,0.22,,1.7,,
CB28,Wider Atlantic,D,,D,,,0.22,,1.7,,
CB28,Gulf of Cadiz,,,D,,,,,1.7,,
CB28,Iberian Coast,,,D,,,,,1.7,,
CB52,Barents Sea,D,,D,,,0.12,,2.7,,
CB52,Celtic Sea,D,,D,,,0.12,,2.7,,
CB52,Channel,D,,D,,,0.12,,2.7,,
CB52,East of Iceland,D,,D,,,0.12,,2.7,,
CB52,Greenland-Scotland ridge,D,,D,,,0.12,,2.7,,
CB52,Irish Sea,D,,D,,,0.12,,2.7,,
CB52,Irish and Scottish West Coast,D,,D,,,0.12,,2.7,,
CB52,Northern Bay of Biscay,D,,D,,,0.12,,2.7,,
CB52,Northern North Sea,D,,D,,,0.12,,2.7,,
CB52,Norwegian Sea,D,,D,,,0.12,,2.7,,
CB52,Norwegian Trench,D,,D,,,0.12,,2.7,,
CB52,Skagerrak and Kattegat,D,,D,,,0.12,,2.7,,
CB52,Southern North Sea,D,,D,,,0.12,,2.7,,
CB52,West of Iceland,D,,D,,,0.12,,2.7,,
CB52,Wider Atlantic,D,,D,,,0.12,,2.7,,
CB52,Gulf of Cadiz,,,D,,,,,2.7,,
CB52,Iberian Coast,,,D,,,,,2.7,,
CB101,Barents Sea,D,,D,,,0.14,,3,,
CB101,Celtic Sea,D,,D,,,0.14,,3,,
CB101,Channel,D,,D,,,0.14,,3,,
CB101,East of Iceland,D,,D,,,0.14,,3,,
CB101,Greenland-Scotland ridge,D,,D,,,0.14,,3,,
CB101,Irish Sea,D,,D,,,0.14,,3,,
CB101,Irish and Scottish West Coast,D,,D,,,0.14,,3,,
CB101,Northern Bay of Biscay,D,,D,,,0.14,,3,,
CB101,Northern North Sea,D,,D,,,0.14,,3,,
CB101,Norwegian Sea,D,,D,,,0.14,,3,,
CB101,Norwegian Trench,D,,D,,,0.14,,3,,
CB101,Skagerrak and Kattegat,D,,D,,,0.14,,3,,
CB101,Southern North Sea,D,,D,,,0.14,,3,,
CB101,West of Iceland,D,,D,,,0.14,,3,,
CB101,Wider Atlantic,D,,D,,,0.14,,3,,
CB101,Gulf of Cadiz,,,D,,,,,3,,
CB101,Iberian Coast,,,D,,,,,3,,
CB118,Barents Sea,D,,D,,,0.17,,0.6,,
CB118,Celtic Sea,D,,D,,,0.17,,0.6,,
CB118,Channel,D,,D,,,0.17,,0.6,,
CB118,East of Iceland,D,,D,,,0.17,,0.6,,
CB118,Greenland-Scotland ridge,D,,D,,,0.17,,0.6,,
CB118,Irish Sea,D,,D,,,0.17,,0.6,,
CB118,Irish and Scottish West Coast,D,,D,,,0.17,,0.6,,
CB118,Northern Bay of Biscay,D,,D,,,0.17,,0.6,,
CB118,Northern North Sea,D,,D,,,0.17,,0.6,,
CB118,Norwegian Sea,D,,D,,,0.17,,0.6,,
CB118,Norwegian Trench,D,,D,,,0.17,,0.6,,
CB118,Skagerrak and Kattegat,D,,D,,,0.17,,0.6,,
CB118,Southern North Sea,D,,D,,,0.17,,0.6,,
CB118,West of Iceland,D,,D,,,0.17,,0.6,,
CB118,Wider Atlantic,D,,D,,,0.17,,0.6,,
CB118,Gulf of Cadiz,,,D,,,,,0.6,,
CB118,Iberian Coast,,,D,,,,,0.6,,
CB138,Barents Sea,D,,D,,,0.15,,7.9,,
CB138,Celtic Sea,D,,D,,,0.15,,7.9,,
CB138,Channel,D,,D,,,0.15,,7.9,,
CB138,East of Iceland,D,,D,,,0.15,,7.9,,
CB138,Greenland-Scotland ridge,D,,D,,,0.15,,7.9,,
CB138,Irish Sea,D,,D,,,0.15,,7.9,,
CB138,Irish and Scottish West Coast,D,,D,,,0.15,,7.9,,
CB138,Northern Bay of Biscay,D,,D,,,0.15,,7.9,,
CB138,Northern North Sea,D,,D,,,0.15,,7.9,,
CB138,Norwegian Sea,D,,D,,,0.15,,7.9,,
CB138,Norwegian Trench,D,,D,,,0.15,,7.9,,
CB138,Skagerrak and Kattegat,D,,D,,,0.15,,7.9,,
CB138,Southern North Sea,D,,D,,,0.15,,7.9,,
CB138,West of Iceland,D,,D,,,0.15,,7.9,,
CB138,Wider Atlantic,D,,D,,,0.15,,7.9,,
CB138,Gulf of Cadiz,,,D,,,,,7.9,,
CB138,Iberian Coast,,,D,,,,,7.9,,
CB153,Barents Sea,D,,D,,,0.19,,40,,
CB153,Celtic Sea,D,,D,,,0.19,,40,,
CB153,Channel,D,,D,,,0.19,,40,,
CB153,East of Iceland,D,,D,,,0.19,,40,,
CB153,Greenland-Scotland ridge,D,,D,,,0.19,,40,,
CB153,Irish Sea,D,,D,,,0.19,,40,,
CB153,Irish and Scottish West Coast,D,,D,,,0.19,,40,,
CB153,Northern Bay of Biscay,D,,D,,,0.19,,40,,
CB153,Northern North Sea,D,,D,,,0.19,,40,,
CB153,Norwegian Sea,D,,D,,,0.19,,40,,
CB153,Norwegian Trench,D,,D,,,0.19,,40,,
CB153,Skagerrak and Kattegat,D,,D,,,0.19,,40,,
CB153,Southern North Sea,D,,D,,,0.19,,40,,
CB153,West of Iceland,D,,D,,,0.19,,40,,
CB153,Wider Atlantic,D,,D,,,0.19,,40,,
CB153,Gulf of Cadiz,,,D,,,,,40,,
CB153,Iberian Coast,,,D,,,,,40,,
CB180,Barents Sea,D,,D,,,0.1,,12,,
CB180,Celtic Sea,D,,D,,,0.1,,12,,
CB180,Channel,D,,D,,,0.1,,12,,
CB180,East of Iceland,D,,D,,,0.1,,12,,
CB180,Greenland-Scotland ridge,D,,D,,,0.1,,12,,
CB180,Irish Sea,D,,D,,,0.1,,12,,
CB180,Irish and Scottish West Coast,D,,D,,,0.1,,12,,
CB180,Northern Bay of Biscay,D,,D,,,0.1,,12,,
CB180,Northern North Sea,D,,D,,,0.1,,12,,
CB180,Norwegian Sea,D,,D,,,0.1,,12,,
CB180,Norwegian Trench,D,,D,,,0.1,,12,,
CB180,Skagerrak and Kattegat,D,,D,,,0.1,,12,,
CB180,Southern North Sea,D,,D,,,0.1,,12,,
CB180,West of Iceland,D,,D,,,0.1,,12,,
CB180,Wider Atlantic,D,,D,,,0.1,,12,,
CB180,Gulf of Cadiz,,,D,,,,,12,,
CB180,Iberian Coast,,,D,,,,,12,,
HCB,Barents Sea,D,,,,,0.16,,,,
HCB,Celtic Sea,D,,,,,0.16,,,,
HCB,Channel,D,,,,,0.16,,,,
HCB,East of Iceland,D,,,,,0.16,,,,
HCB,Greenland-Scotland ridge,D,,,,,0.16,,,,
HCB,Irish Sea,D,,,,,0.16,,,,
HCB,Irish and Scottish West Coast,D,,,,,0.16,,,,
HCB,Northern Bay of Biscay,D,,,,,0.16,,,,
HCB,Northern North Sea,D,,,,,0.16,,,,
HCB,Norwegian Sea,D,,,,,0.16,,,,
HCB,Norwegian Trench,D,,,,,0.16,,,,
HCB,Skagerrak and Kattegat,D,,,,,0.16,,,,
HCB,Southern North Sea,D,,,,,0.16,,,,
HCB,West of Iceland,D,,,,,0.16,,,,
HCB,Wider Atlantic,D,,,,,0.16,,,,
HCB,Gulf of Cadiz,,,,,,,,,,
HCB,Iberian Coast,,,,,,,,,,
DDEPP,Barents Sea,D,,,,,0.09,,,,
DDEPP,Celtic Sea,D,,,,,0.09,,,,
DDEPP,Channel,D,,,,,0.09,,,,
DDEPP,East of Iceland,D,,,,,0.09,,,,
DDEPP,Greenland-Scotland ridge,D,,,,,0.09,,,,
DDEPP,Irish Sea,D,,,,,0.09,,,,
DDEPP,Irish and Scottish West Coast,D,,,,,0.09,,,,
DDEPP,Northern Bay of Biscay,D,,,,,0.09,,,,
DDEPP,Northern North Sea,D,,,,,0.09,,,,
DDEPP,Norwegian Sea,D,,,,,0.09,,,,
DDEPP,Norwegian Trench,D,,,,,0.09,,,,
DDEPP,Skagerrak and Kattegat,D,,,,,0.09,,,,
DDEPP,Southern North Sea,D,,,,,0.09,,,,
DDEPP,West of Iceland,D,,,,,0.09,,,,
DDEPP,Wider Atlantic,D,,,,,0.09,,,,
DDEPP,Gulf of Cadiz,,,,,,,,,,
DDEPP,Iberian Coast,,,,,,,,,,
DIELD,Barents Sea,D,,,,,0.19,,,,
DIELD,Celtic Sea,D,,,,,0.19,,,,
DIELD,Channel,D,,,,,0.19,,,,
DIELD,East of Iceland,D,,,,,0.19,,,,
DIELD,Greenland-Scotland ridge,D,,,,,0.19,,,,
DIELD,Irish Sea,D,,,,,0.19,,,,
DIELD,Irish and Scottish West Coast,D,,,,,0.19,,,,
DIELD,Northern Bay of Biscay,D,,,,,0.19,,,,
DIELD,Northern North Sea,D,,,,,0.19,,,,
DIELD,Norwegian Sea,D,,,,,0.19,,,,
DIELD,Norwegian Trench,D,,,,,0.19,,,,
DIELD,Skagerrak and Kattegat,D,,,,,0.19,,,,
DIELD,Southern North Sea,D,,,,,0.19,,,,
DIELD,West of Iceland,D,,,,,0.19,,,,
DIELD,Wider Atlantic,D,,,,,0.19,,,,
DIELD,Gulf of Cadiz,,,,,,,,,,
DIELD,Iberian Coast,,,,,,,,,,
HCHA,Barents Sea,,,,,,,,,,
HCHA,Celtic Sea,,,,,,,,,,
HCHA,Channel,,,,,,,,,,
HCHA,East of Iceland,,,,,,,,,,
HCHA,Greenland-Scotland ridge,,,,,,,,,,
HCHA,Irish Sea,,,,,,,,,,
HCHA,Irish and Scottish West Coast,,,,,,,,,,
HCHA,Northern Bay of Biscay,,,,,,,,,,
HCHA,Northern North Sea,,,,,,,,,,
HCHA,Norwegian Sea,,,,,,,,,,
HCHA,Norwegian Trench,,,,,,,,,,
HCHA,Skagerrak and Kattegat,,,,,,,,,,
HCHA,Southern North Sea,,,,,,,,,,
HCHA,West of Iceland,,,,,,,,,,
HCHA,Wider Atlantic,,,,,,,,,,
HCHA,Gulf of Cadiz,,,,,,,,,,
HCHA,Iberian Coast,,,,,,,,,,
HCHG,Barents Sea,D,,,,,0.13,,,,
HCHG,Celtic Sea,D,,,,,0.13,,,,
HCHG,Channel,D,,,,,0.13,,,,
HCHG,East of Iceland,D,,,,,0.13,,,,
HCHG,Greenland-Scotland ridge,D,,,,,0.13,,,,
HCHG,Irish Sea,D,,,,,0.13,,,,
HCHG,Irish and Scottish West Coast,D,,,,,0.13,,,,
HCHG,Northern Bay of Biscay,D,,,,,0.13,,,,
HCHG,Northern North Sea,D,,,,,0.13,,,,
HCHG,Norwegian Sea,D,,,,,0.13,,,,
HCHG,Norwegian Trench,D,,,,,0.13,,,,
HCHG,Skagerrak and Kattegat,D,,,,,0.13,,,,
HCHG,Southern North Sea,D,,,,,0.13,,,,
HCHG,West of Iceland,D,,,,,0.13,,,,
HCHG,Wider Atlantic,D,,,,,0.13,,,,
HCHG,Gulf of Cadiz,,,,,,,,,,
HCHG,Iberian Coast,,,,,,,,,,
BDE28,Barents Sea,D,,,,D,0.05,,,,110
BDE28,Celtic Sea,D,,,,D,0.05,,,,110
BDE28,Channel,D,,,,D,0.05,,,,110
BDE28,East of Iceland,D,,,,D,0.05,,,,110
BDE28,Greenland-Scotland ridge,D,,,,D,0.05,,,,110
BDE28,Irish Sea,D,,,,D,0.05,,,,110
BDE28,Irish and Scottish West Coast,D,,,,D,0.05,,,,110
BDE28,Northern Bay of Biscay,D,,,,D,0.05,,,,110
BDE28,Northern North Sea,D,,,,D,0.05,,,,110
BDE28,Norwegian Sea,D,,,,D,0.05,,,,110
BDE28,Norwegian Trench,D,,,,D,0.05,,,,110
BDE28,Skagerrak and Kattegat,D,,,,D,0.05,,,,110
BDE28,Southern North Sea,D,,,,D,0.05,,,,110
BDE28,West of Iceland,D,,,,D,0.05,,,,110
BDE28,Wider Atlantic,D,,,,D,0.05,,,,110
BDE28,Gulf of Cadiz,D,,,,D,0.05,,,,110
BDE28,Iberian Coast,D,,,,D,0.05,,,,110
BDE47,Barents Sea,D,,,,D,0.05,,,,97.5
BDE47,Celtic Sea,D,,,,D,0.05,,,,97.5
BDE47,Channel,D,,,,D,0.05,,,,97.5
BDE47,East of Iceland,D,,,,D,0.05,,,,97.5
BDE47,Greenland-Scotland ridge,D,,,,D,0.05,,,,97.5
BDE47,Irish Sea,D,,,,D,0.05,,,,97.5
BDE47,Irish and Scottish West Coast,D,,,,D,0.05,,,,97.5
BDE47,Northern Bay of Biscay,D,,,,D,0.05,,,,97.5
BDE47,Northern North Sea,D,,,,D,0.05,,,,97.5
BDE47,Norwegian Sea,D,,,,D,0.05,,,,97.5
BDE47,Norwegian Trench,D,,,,D,0.05,,,,97.5
BDE47,Skagerrak and Kattegat,D,,,,D,0.05,,,,97.5
BDE47,Southern North Sea,D,,,,D,0.05,,,,97.5
BDE47,West of Iceland,D,,,,D,0.05,,,,97.5
BDE47,Wider Atlantic,D,,,,D,0.05,,,,97.5
BDE47,Gulf of Cadiz,D,,,,D,0.05,,,,97.5
BDE47,Iberian Coast,D,,,,D,0.05,,,,97.5
BDE66,Barents Sea,D,,,,D,0.05,,,,97.5
BDE66,Celtic Sea,D,,,,D,0.05,,,,97.5
BDE66,Channel,D,,,,D,0.05,,,,97.5
BDE66,East of Iceland,D,,,,D,0.05,,,,97.5
BDE66,Greenland-Scotland ridge,D,,,,D,0.05,,,,97.5
BDE66,Irish Sea,D,,,,D,0.05,,,,97.5
BDE66,Irish and Scottish West Coast,D,,,,D,0.05,,,,97.5
BDE66,Northern Bay of Biscay,D,,,,D,0.05,,,,97.5
BDE66,Northern North Sea,D,,,,D,0.05,,,,97.5
BDE66,Norwegian Sea,D,,,,D,0.05,,,,97.5
BDE66,Norwegian Trench,D,,,,D,0.05,,,,97.5
BDE66,Skagerrak and Kattegat,D,,,,D,0.05,,,,97.5
BDE66,Southern North Sea,D,,,,D,0.05,,,,97.5
BDE66,West of Iceland,D,,,,D,0.05,,,,97.5
BDE66,Wider Atlantic,D,,,,D,0.05,,,,97.5
BDE66,Gulf of Cadiz,D,,,,D,0.05,,,,97.5
BDE66,Iberian Coast,D,,,,D,0.05,,,,97.5
BDE85,Barents Sea,D,,,,D,0.05,,,,1
BDE85,Celtic Sea,D,,,,D,0.05,,,,1
BDE85,Channel,D,,,,D,0.05,,,,1
BDE85,East of Iceland,D,,,,D,0.05,,,,1
BDE85,Greenland-Scotland ridge,D,,,,D,0.05,,,,1
BDE85,Irish Sea,D,,,,D,0.05,,,,1
BDE85,Irish and Scottish West Coast,D,,,,D,0.05,,,,1
BDE85,Northern Bay of Biscay,D,,,,D,0.05,,,,1
BDE85,Northern North Sea,D,,,,D,0.05,,,,1
BDE85,Norwegian Sea,D,,,,D,0.05,,,,1
BDE85,Norwegian Trench,D,,,,D,0.05,,,,1
BDE85,Skagerrak and Kattegat,D,,,,D,0.05,,,,1
BDE85,Southern North Sea,D,,,,D,0.05,,,,1
BDE85,West of Iceland,D,,,,D,0.05,,,,1
BDE85,Wider Atlantic,D,,,,D,0.05,,,,1
BDE85,Gulf of Cadiz,D,,,,D,0.05,,,,1
BDE85,Iberian Coast,D,,,,D,0.05,,,,1
BDE99,Barents Sea,D,,,,D,0.05,,,,1
BDE99,Celtic Sea,D,,,,D,0.05,,,,1
BDE99,Channel,D,,,,D,0.05,,,,1
BDE99,East of Iceland,D,,,,D,0.05,,,,1
BDE99,Greenland-Scotland ridge,D,,,,D,0.05,,,,1
BDE99,Irish Sea,D,,,,D,0.05,,,,1
BDE99,Irish and Scottish West Coast,D,,,,D,0.05,,,,1
BDE99,Northern Bay of Biscay,D,,,,D,0.05,,,,1
BDE99,Northern North Sea,D,,,,D,0.05,,,,1
BDE99,Norwegian Sea,D,,,,D,0.05,,,,1
BDE99,Norwegian Trench,D,,,,D,0.05,,,,1
BDE99,Skagerrak and Kattegat,D,,,,D,0.05,,,,1
BDE99,Southern North Sea,D,,,,D,0.05,,,,1
BDE99,West of Iceland,D,,,,D,0.05,,,,1
BDE99,Wider Atlantic,D,,,,D,0.05,,,,1
BDE99,Gulf of Cadiz,D,,,,D,0.05,,,,1
BDE99,Iberian Coast,D,,,,D,0.05,,,,1
BD100,Barents Sea,D,,,,D,0.05,,,,1
BD100,Celtic Sea,D,,,,D,0.05,,,,1
BD100,Channel,D,,,,D,0.05,,,,1
BD100,East of Iceland,D,,,,D,0.05,,,,1
BD100,Greenland-Scotland ridge,D,,,,D,0.05,,,,1
BD100,Irish Sea,D,,,,D,0.05,,,,1
BD100,Irish and Scottish West Coast,D,,,,D,0.05,,,,1
BD100,Northern Bay of Biscay,D,,,,D,0.05,,,,1
BD100,Northern North Sea,D,,,,D,0.05,,,,1
BD100,Norwegian Sea,D,,,,D,0.05,,,,1
BD100,Norwegian Trench,D,,,,D,0.05,,,,1
BD100,Skagerrak and Kattegat,D,,,,D,0.05,,,,1
BD100,Southern North Sea,D,,,,D,0.05,,,,1
BD100,West of Iceland,D,,,,D,0.05,,,,1
BD100,Wider Atlantic,D,,,,D,0.05,,,,1
BD100,Gulf of Cadiz,D,,,,D,0.05,,,,1
BD100,Iberian Coast,D,,,,D,0.05,,,,1
BD153,Barents Sea,D,,,,D,0.05,,,,1100
BD153,Celtic Sea,D,,,,D,0.05,,,,1100
BD153,Channel,D,,,,D,0.05,,,,1100
BD153,East of Iceland,D,,,,D,0.05,,,,1100
BD153,Greenland-Scotland ridge,D,,,,D,0.05,,,,1100
BD153,Irish Sea,D,,,,D,0.05,,,,1100
BD153,Irish and Scottish West Coast,D,,,,D,0.05,,,,1100
BD153,Northern Bay of Biscay,D,,,,D,0.05,,,,1100
BD153,Northern North Sea,D,,,,D,0.05,,,,1100
BD153,Norwegian Sea,D,,,,D,0.05,,,,1100
BD153,Norwegian Trench,D,,,,D,0.05,,,,1100
BD153,Skagerrak and Kattegat,D,,,,D,0.05,,,,1100
BD153,Southern North Sea,D,,,,D,0.05,,,,1100
BD153,West of Iceland,D,,,,D,0.05,,,,1100
BD153,Wider Atlantic,D,,,,D,0.05,,,,1100
BD153,Gulf of Cadiz,D,,,,D,0.05,,,,1100
BD153,Iberian Coast,D,,,,D,0.05,,,,1100
BD154,Barents Sea,D,,,,D,0.05,,,,1100
BD154,Celtic Sea,D,,,,D,0.05,,,,1100
BD154,Channel,D,,,,D,0.05,,,,1100
BD154,East of Iceland,D,,,,D,0.05,,,,1100
BD154,Greenland-Scotland ridge,D,,,,D,0.05,,,,1100
BD154,Irish Sea,D,,,,D,0.05,,,,1100
BD154,Irish and Scottish West Coast,D,,,,D,0.05,,,,1100
BD154,Northern Bay of Biscay,D,,,,D,0.05,,,,1100
BD154,Northern North Sea,D,,,,D,0.05,,,,1100
BD154,Norwegian Sea,D,,,,D,0.05,,,,1100
BD154,Norwegian Trench,D,,,,D,0.05,,,,1100
BD154,Skagerrak and Kattegat,D,,,,D,0.05,,,,1100
BD154,Southern North Sea,D,,,,D,0.05,,,,1100
BD154,West of Iceland,D,,,,D,0.05,,,,1100
BD154,Wider Atlantic,D,,,,D,0.05,,,,1100
BD154,Gulf of Cadiz,D,,,,D,0.05,,,,1100
BD154,Iberian Coast,D,,,,D,0.05,,,,1100
BD183,Barents Sea,D,,,,D,0.05,,,,14000
BD183,Celtic Sea,D,,,,D,0.05,,,,14000
BD183,Channel,D,,,,D,0.05,,,,14000
BD183,East of Iceland,D,,,,D,0.05,,,,14000
BD183,Greenland-Scotland ridge,D,,,,D,0.05,,,,14000
BD183,Irish Sea,D,,,,D,0.05,,,,14000
BD183,Irish and Scottish West Coast,D,,,,D,0.05,,,,14000
BD183,Northern Bay of Biscay,D,,,,D,0.05,,,,14000
BD183,Northern North Sea,D,,,,D,0.05,,,,14000
BD183,Norwegian Sea,D,,,,D,0.05,,,,14000
BD183,Norwegian Trench,D,,,,D,0.05,,,,14000
BD183,Skagerrak and Kattegat,D,,,,D,0.05,,,,14000
BD183,Southern North Sea,D,,,,D,0.05,,,,14000
BD183,West of Iceland,D,,,,D,0.05,,,,14000
BD183,Wider Atlantic,D,,,,D,0.05,,,,14000
BD183,Gulf of Cadiz,D,,,,D,0.05,,,,14000
BD183,Iberian Coast,D,,,,D,0.05,,,,14000
BD209,Barents Sea,D,,,,D,0.05,,,,47.5
BD209,Celtic Sea,D,,,,D,0.05,,,,47.5
BD209,Channel,D,,,,D,0.05,,,,47.5
BD209,East of Iceland,D,,,,D,0.05,,,,47.5
BD209,Greenland-Scotland ridge,D,,,,D,0.05,,,,47.5
BD209,Irish Sea,D,,,,D,0.05,,,,47.5
BD209,Irish and Scottish West Coast,D,,,,D,0.05,,,,47.5
BD209,Northern Bay of Biscay,D,,,,D,0.05,,,,47.5
BD209,Northern North Sea,D,,,,D,0.05,,,,47.5
BD209,Norwegian Sea,D,,,,D,0.05,,,,47.5
BD209,Norwegian Trench,D,,,,D,0.05,,,,47.5
BD209,Skagerrak and Kattegat,D,,,,D,0.05,,,,47.5
BD209,Southern North Sea,D,,,,D,0.05,,,,47.5
BD209,West of Iceland,D,,,,D,0.05,,,,47.5
BD209,Wider Atlantic,D,,,,D,0.05,,,,47.5
BD209,Gulf of Cadiz,D,,,,D,0.05,,,,47.5
BD209,Iberian Coast,D,,,,D,0.05,,,,47.5
SBDE6,Barents Sea,,,,,,,,,,
SBDE6,Celtic Sea,,,,,,,,,,
SBDE6,Channel,,,,,,,,,,
SBDE6,East of Iceland,,,,,,,,,,
SBDE6,Greenland-Scotland ridge,,,,,,,,,,
SBDE6,Irish Sea,,,,,,,,,,
SBDE6,Irish and Scottish West Coast,,,,,,,,,,
SBDE6,Northern Bay of Biscay,,,,,,,,,,
SBDE6,Northern North Sea,,,,,,,,,,
SBDE6,Norwegian Sea,,,,,,,,,,
SBDE6,Norwegian Trench,,,,,,,,,,
SBDE6,Skagerrak and Kattegat,,,,,,,,,,
SBDE6,Southern North Sea,,,,,,,,,,
SBDE6,West of Iceland,,,,,,,,,,
SBDE6,Wider Atlantic,,,,,,,,,,
HBCD,Barents Sea,,,,,,,,,,
HBCD,Celtic Sea,,,,,,,,,,
HBCD,Channel,,,,,,,,,,
HBCD,East of Iceland,,,,,,,,,,
HBCD,Greenland-Scotland ridge,,,,,,,,,,
HBCD,Irish Sea,,,,,,,,,,
HBCD,Irish and Scottish West Coast,,,,,,,,,,
HBCD,Northern Bay of Biscay,,,,,,,,,,
HBCD,Northern North Sea,,,,,,,,,,
HBCD,Norwegian Sea,,,,,,,,,,
HBCD,Norwegian Trench,,,,,,,,,,
HBCD,Skagerrak and Kattegat,,,,,,,,,,
HBCD,Southern North Sea,,,,,,,,,,
HBCD,West of Iceland,,,,,,,,,,
HBCD,Wider Atlantic,,,,,,,,,,
TBSN+,Barents Sea,,,,D,,,,,0.8,
TBSN+,Celtic Sea,,,,D,,,,,0.8,
TBSN+,Channel,,,,D,,,,,0.8,
TBSN+,East of Iceland,,,,D,,,,,0.8,
TBSN+,Greenland-Scotland ridge,,,,D,,,,,0.8,
TBSN+,Irish Sea,,,,D,,,,,0.8,
TBSN+,Irish and Scottish West Coast,,,,D,,,,,0.8,
TBSN+,Northern Bay of Biscay,,,,D,,,,,0.8,
TBSN+,Northern North Sea,,,,D,,,,,0.8,
TBSN+,Norwegian Sea,,,,D,,,,,0.8,
TBSN+,Norwegian Trench,,,,D,,,,,0.8,
TBSN+,Skagerrak and Kattegat,,,,D,,,,,0.8,
TBSN+,Southern North Sea,,,,D,,,,,0.8,
TBSN+,West of Iceland,,,,D,,,,,0.8,
TBSN+,Wider Atlantic,,,,D,,,,,0.8,
TBSN+,Gulf of Cadiz,,,,D,,,,,0.8,
TBSN+,Iberian Coast,,,,D,,,,,0.8,
